codigo_materia,numero_emenda,codigo_emenda,data_apresentacao,tipo_emenda,autor_nome,autor_partido,autor_uf
157233,1,9514745,2023-11-27,EMENDA_TOTAL,Astronauta Marcos Pontes,PL,SP
157233,2,9525386,2023-12-12,EMENDA_PARCIAL,Carlos Viana,PODE,MG
157233,3,9525404,2023-12-12,EMENDA_PARCIAL,Carlos Viana,PODE,MG
157233,4,9588377,2024-04-18,EMENDA_PARCIAL,Vanderlan Cardoso,PSD,GO
157233,5,9591173,2024-04-23,EMENDA_PARCIAL,Vanderlan Cardoso,PSD,GO
157233,6,9591188,2024-04-23,EMENDA_PARCIAL,Vanderlan Cardoso,PSD,GO
157233,7,9633581,2024-06-11,EMENDA_PARCIAL,Alessandro Vieira,MDB,SE
157233,8,9633585,2024-06-11,EMENDA_PARCIAL,Alessandro Vieira,MDB,SE
157233,9,9633589,2024-06-11,EMENDA_PARCIAL,Alessandro Vieira,MDB,SE
157233,10,9633593,2024-06-11,EMENDA_PARCIAL,Alessandro Vieira,MDB,SE
157233,11,9633597,2024-06-11,EMENDA_PARCIAL,Alessandro Vieira,MDB,SE
157233,12,9633601,2024-06-11,EMENDA_PARCIAL,Alessandro Vieira,MDB,SE
157233,13,9633605,2024-06-11,EMENDA_PARCIAL,Alessandro Vieira,MDB,SE
157233,14,9633609,2024-06-11,EMENDA_PARCIAL,Alessandro Vieira,MDB,SE
157233,15,9633613,2024-06-11,EMENDA_PARCIAL,Alessandro Vieira,MDB,SE
157233,16,9633617,2024-06-11,EMENDA_PARCIAL,Alessandro Vieira,MDB,SE
157233,17,9633621,2024-06-11,EMENDA_PARCIAL,Alessandro Vieira,MDB,SE
157233,18,9633562,2024-06-11,EMENDA_PARCIAL,Alessandro Vieira,MDB,SE
157233,19,9633566,2024-06-11,EMENDA_PARCIAL,Alessandro Vieira,MDB,SE
157233,20,9633570,2024-06-11,EMENDA_PARCIAL,Alessandro Vieira,MDB,SE
157233,21,9633574,2024-06-11,EMENDA_PARCIAL,Laércio Oliveira,PP,SE
157233,22,9633578,2024-06-11,EMENDA_PARCIAL,Laércio Oliveira,PP,SE
157233,23,9633642,2024-06-11,EMENDA_PARCIAL,Laércio Oliveira,PP,SE
157233,24,9633646,2024-06-11,EMENDA_PARCIAL,Laércio Oliveira,PP,SE
157233,25,9633625,2024-06-11,EMENDA_PARCIAL,Mecias de Jesus,REPUBLICANOS,RR
157233,26,9633629,2024-06-11,EMENDA_PARCIAL,Mecias de Jesus,REPUBLICANOS,RR
157233,27,9633633,2024-06-11,EMENDA_PARCIAL,Fabiano Contarato,PT,ES
157233,28,9634622,2024-06-12,EMENDA_PARCIAL,Vanderlan Cardoso,PSD,GO
157233,29,9634626,2024-06-12,EMENDA_PARCIAL,Vanderlan Cardoso,PSD,GO
157233,30,9634616,2024-06-12,EMENDA_PARCIAL,Vanderlan Cardoso,PSD,GO
157233,31,9634635,2024-06-12,EMENDA_PARCIAL,Vanderlan Cardoso,PSD,GO
157233,32,9634680,2024-06-12,EMENDA_PARCIAL,Vanderlan Cardoso,PSD,GO
157233,33,9634688,2024-06-12,EMENDA_PARCIAL,Vanderlan Cardoso,PSD,GO
157233,34,9634692,2024-06-12,EMENDA_PARCIAL,Mecias de Jesus,REPUBLICANOS,RR
157233,35,9634696,2024-06-12,EMENDA_PARCIAL,Carlos Viana,PODE,MG
157233,36,9637234,2024-06-12,EMENDA_PARCIAL,Vanderlan Cardoso,PSD,GO
157233,37,9638364,2024-06-13,EMENDA_PARCIAL,Izalci Lucas,PL,DF
157233,38,9638385,2024-06-13,EMENDA_PARCIAL,Izalci Lucas,PL,DF
157233,39,9638368,2024-06-17,EMENDA_PARCIAL,Izalci Lucas,PL,DF
157233,40,9638372,2024-06-17,EMENDA_PARCIAL,Izalci Lucas,PL,DF
157233,41,9638797,2024-06-17,EMENDA_PARCIAL,Efraim Filho,UNIÃO,PB
157233,42,9638821,2024-06-17,EMENDA_PARCIAL,Efraim Filho,UNIÃO,PB
157233,43,9638801,2024-06-17,EMENDA_PARCIAL,Mecias de Jesus,REPUBLICANOS,RR
157233,44,9638805,2024-06-17,EMENDA_PARCIAL,Chico Rodrigues,PSB,RR
157233,45,9638809,2024-06-17,EMENDA_PARCIAL,Chico Rodrigues,PSB,RR
157233,46,9638825,2024-06-17,EMENDA_PARCIAL,Weverton,PDT,MA
157233,47,9639377,2024-06-18,EMENDA_PARCIAL,Alessandro Vieira,MDB,SE
157233,48,9639348,2024-06-18,EMENDA_PARCIAL,Alessandro Vieira,MDB,SE
157233,49,9639390,2024-06-18,EMENDA_PARCIAL,Rogério Carvalho,PT,SE
157233,50,9639356,2024-06-18,EMENDA_PARCIAL,Rogério Carvalho,PT,SE
157233,51,9639431,2024-06-18,EMENDA_PARCIAL,Rogério Carvalho,PT,SE
157233,52,9639520,2024-06-18,EMENDA_PARCIAL,Fabiano Contarato,PT,ES
157233,53,9639599,2024-06-18,EMENDA_PARCIAL,Fabiano Contarato,PT,ES
157233,54,9639618,2024-06-18,EMENDA_PARCIAL,Fabiano Contarato,PT,ES
157233,55,9639658,2024-06-18,EMENDA_PARCIAL,Fabiano Contarato,PT,ES
157233,56,9639983,2024-06-18,EMENDA_PARCIAL,Weverton,PDT,MA
157233,57,9639987,2024-06-18,EMENDA_PARCIAL,Carlos Viana,PODE,MG
157233,58,9639991,2024-06-18,EMENDA_PARCIAL,Carlos Viana,PODE,MG
157233,59,9640201,2024-06-18,EMENDA_PARCIAL,Astronauta Marcos Pontes,PL,SP
157233,60,9640185,2024-06-18,EMENDA_PARCIAL,Astronauta Marcos Pontes,PL,SP
157233,61,9640241,2024-06-18,EMENDA_PARCIAL,Astronauta Marcos Pontes,PL,SP
157233,62,9640267,2024-06-18,EMENDA_PARCIAL,Astronauta Marcos Pontes,PL,SP
157233,63,9640282,2024-06-18,EMENDA_PARCIAL,Astronauta Marcos Pontes,PL,SP
157233,64,9640291,2024-06-18,EMENDA_PARCIAL,Astronauta Marcos Pontes,PL,SP
157233,65,9640296,2024-06-18,EMENDA_PARCIAL,Astronauta Marcos Pontes,PL,SP
157233,66,9640237,2024-06-18,EMENDA_PARCIAL,Astronauta Marcos Pontes,PL,SP
157233,67,9640308,2024-06-18,EMENDA_PARCIAL,Astronauta Marcos Pontes,PL,SP
157233,68,9640324,2024-06-18,EMENDA_PARCIAL,Vanderlan Cardoso,PSD,GO
157233,69,9640409,2024-06-18,EMENDA_PARCIAL,Weverton,PDT,MA
157233,70,9640413,2024-06-18,EMENDA_PARCIAL,Astronauta Marcos Pontes,PL,SP
157233,71,9640455,2024-06-18,EMENDA_PARCIAL,Astronauta Marcos Pontes,PL,SP
157233,72,9640591,2024-06-18,EMENDA_PARCIAL,Astronauta Marcos Pontes,PL,SP
157233,73,9640595,2024-06-18,EMENDA_PARCIAL,Marcos Rogério,PL,RO
157233,74,9640599,2024-06-18,EMENDA_PARCIAL,Marcos Rogério,PL,RO
157233,75,9640603,2024-06-18,EMENDA_PARCIAL,Marcos Rogério,PL,RO
157233,76,9640608,2024-06-18,EMENDA_PARCIAL,Marcos Rogério,PL,RO
157233,77,9640531,2024-06-18,EMENDA_PARCIAL,Marcos Rogério,PL,RO
157233,78,9640623,2024-06-18,EMENDA_PARCIAL,Marcos Rogério,PL,RO
157233,79,9640627,2024-06-18,EMENDA_PARCIAL,Marcos Rogério,PL,RO
157233,80,9640631,2024-06-18,EMENDA_PARCIAL,Laércio Oliveira,PP,SE
157233,81,9640635,2024-06-18,EMENDA_PARCIAL,Laércio Oliveira,PP,SE
157233,82,9640639,2024-06-18,EMENDA_PARCIAL,Laércio Oliveira,PP,SE
157233,83,9640643,2024-06-18,EMENDA_PARCIAL,Laércio Oliveira,PP,SE
157233,84,9640535,2024-06-18,EMENDA_PARCIAL,Laércio Oliveira,PP,SE
157233,85,9640652,2024-06-18,EMENDA_PARCIAL,Laércio Oliveira,PP,SE
157233,86,9640681,2024-06-18,EMENDA_PARCIAL,Laércio Oliveira,PP,SE
157233,87,9640690,2024-06-18,EMENDA_PARCIAL,Laércio Oliveira,PP,SE
157233,88,9640709,2024-06-18,EMENDA_PARCIAL,Laércio Oliveira,PP,SE
157233,89,9640717,2024-06-18,EMENDA_PARCIAL,Laércio Oliveira,PP,SE
157233,90,9640733,2024-06-18,EMENDA_PARCIAL,Laércio Oliveira,PP,SE
157233,91,9640758,2024-06-18,EMENDA_PARCIAL,Laércio Oliveira,PP,SE
157233,92,9640767,2024-06-18,EMENDA_PARCIAL,Laércio Oliveira,PP,SE
157233,93,9640798,2024-06-18,EMENDA_PARCIAL,Laércio Oliveira,PP,SE
157233,94,9640822,2024-06-18,EMENDA_PARCIAL,Laércio Oliveira,PP,SE
157233,95,9640813,2024-06-18,EMENDA_PARCIAL,Laércio Oliveira,PP,SE
157233,96,9640838,2024-06-18,EMENDA_PARCIAL,Laércio Oliveira,PP,SE
157233,97,9640842,2024-06-18,EMENDA_PARCIAL,Laércio Oliveira,PP,SE
157233,98,9640817,2024-06-18,EMENDA_PARCIAL,Laércio Oliveira,PP,SE
157233,99,9640861,2024-06-18,EMENDA_PARCIAL,Laércio Oliveira,PP,SE
157233,100,9645840,2024-06-19,EMENDA_PARCIAL,Laércio Oliveira,PP,SE
157233,101,9647644,2024-06-20,EMENDA_PARCIAL,Laércio Oliveira,PP,SE
157233,102,9659516,2024-06-24,EMENDA_PARCIAL,Rodrigo Cunha,PODE,AL
157233,103,9659542,2024-06-24,EMENDA_PARCIAL,Rodrigo Cunha,PODE,AL
157233,104,9679941,2024-07-02,EMENDA_PARCIAL,Izalci Lucas,PL,DF
157233,105,9679960,2024-07-02,EMENDA_PARCIAL,Izalci Lucas,PL,DF
157233,106,9679964,2024-07-02,EMENDA_PARCIAL,Izalci Lucas,PL,DF
157233,107,9679968,2024-07-02,EMENDA_PARCIAL,Izalci Lucas,PL,DF
157233,108,9679973,2024-07-02,EMENDA_PARCIAL,Izalci Lucas,PL,DF
157233,109,9679977,2024-07-02,EMENDA_PARCIAL,Izalci Lucas,PL,DF
157233,110,9680409,2024-07-03,EMENDA_PARCIAL,Carlos Portinho,PL,RJ
157233,111,9680460,2024-07-03,EMENDA_PARCIAL,Carlos Portinho,PL,RJ
157233,112,9680427,2024-07-03,EMENDA_PARCIAL,Carlos Portinho,PL,RJ
157233,113,9680465,2024-07-03,EMENDA_PARCIAL,Carlos Portinho,PL,RJ
157233,114,9680470,2024-07-03,EMENDA_PARCIAL,Carlos Portinho,PL,RJ
157233,115,9680475,2024-07-03,EMENDA_PARCIAL,Carlos Portinho,PL,RJ
157233,116,9680431,2024-07-03,EMENDA_PARCIAL,Carlos Portinho,PL,RJ
157233,117,9680436,2024-07-03,EMENDA_PARCIAL,Carlos Portinho,PL,RJ
157233,118,9680718,2024-07-03,EMENDA_PARCIAL,Mecias de Jesus,REPUBLICANOS,RR
157233,119,9680701,2024-07-03,EMENDA_PARCIAL,Mecias de Jesus,REPUBLICANOS,RR
157233,120,9680923,2024-07-03,EMENDA_PARCIAL,Marcos Rogério,PL,RO
157233,121,9680889,2024-07-03,EMENDA_PARCIAL,Marcos Rogério,PL,RO
157233,122,9680957,2024-07-03,EMENDA_PARCIAL,Marcos Rogério,PL,RO
157233,123,9680961,2024-07-03,EMENDA_PARCIAL,Marcos Rogério,PL,RO
157233,124,9680997,2024-07-03,EMENDA_PARCIAL,Vanderlan Cardoso,PSD,GO
157233,125,9681065,2024-07-03,EMENDA_PARCIAL,Vanderlan Cardoso,PSD,GO
157233,126,9681081,2024-07-03,EMENDA_PARCIAL,Vanderlan Cardoso,PSD,GO
157233,127,9681113,2024-07-03,EMENDA_PARCIAL,Vanderlan Cardoso,PSD,GO
157233,128,9681123,2024-07-03,EMENDA_PARCIAL,Astronauta Marcos Pontes,PL,SP
157233,129,9681127,2024-07-03,EMENDA_PARCIAL,Astronauta Marcos Pontes,PL,SP
157233,130,9692867,2024-07-08,EMENDA_PARCIAL,Mecias de Jesus,REPUBLICANOS,RR
157233,131,9692893,2024-07-08,EMENDA_PARCIAL,Mecias de Jesus,REPUBLICANOS,RR
157233,132,9692872,2024-07-08,EMENDA_PARCIAL,Mecias de Jesus,REPUBLICANOS,RR
157233,133,9693816,2024-07-08,EMENDA_PARCIAL,Alessandro Vieira,MDB,SE
157233,134,9693820,2024-07-08,EMENDA_PARCIAL,Alessandro Vieira,MDB,SE
157233,135,9694006,2024-07-08,EMENDA_PARCIAL,Mecias de Jesus,REPUBLICANOS,RR
157233,136,9694010,2024-07-08,EMENDA_PARCIAL,Mecias de Jesus,REPUBLICANOS,RR
157233,137,9694874,2024-07-09,EMENDA_PARCIAL,Izalci Lucas,PL,DF
157233,138,9694937,2024-07-09,EMENDA_PARCIAL,Izalci Lucas,PL,DF
157233,139,9694965,2024-07-09,EMENDA_PARCIAL,Izalci Lucas,PL,DF
157233,140,9694971,2024-07-09,EMENDA_PARCIAL,Izalci Lucas,PL,DF
157233,141,9694944,2024-07-09,EMENDA_PARCIAL,Izalci Lucas,PL,DF
157233,142,9702335,2024-07-10,EMENDA_PARCIAL,Mecias de Jesus,REPUBLICANOS,RR
157233,143,9702339,2024-07-10,EMENDA_PARCIAL,Mecias de Jesus,REPUBLICANOS,RR
157233,144,9702343,2024-07-10,EMENDA_PARCIAL,Mecias de Jesus,REPUBLICANOS,RR
157233,145,9702317,2024-07-10,EMENDA_PARCIAL,Mecias de Jesus,REPUBLICANOS,RR
157233,146,9838042,2024-11-04,EMENDA_PARCIAL,Mara Gabrilli,PSD,SP
157233,147,9838761,2024-11-05,EMENDA_PARCIAL,Rogério Carvalho,PT,SE
157233,148,9838769,2024-11-05,EMENDA_PARCIAL,Rogério Carvalho,PT,SE
157233,149,9850977,2024-11-27,EMENDA_PARCIAL,Nelsinho Trad,PSD,MS
157233,150,9852275,2024-11-28,EMENDA_PARCIAL,Laércio Oliveira,PP,SE
157233,151,9853337,2024-11-29,EMENDA_PARCIAL,Marcos Rogério,PL,RO
157233,152,9853341,2024-11-29,EMENDA_PARCIAL,Marcos Rogério,PL,RO
157233,153,9853345,2024-11-29,EMENDA_PARCIAL,Marcos Rogério,PL,RO
157233,154,9853349,2024-11-29,EMENDA_PARCIAL,Marcos Rogério,PL,RO
157233,155,9853413,2024-12-02,EMENDA_PARCIAL,Carlos Viana,PODE,MG
157233,156,9853839,2024-12-02,EMENDA_PARCIAL,Carlos Portinho,PL,RJ
157233,157,9853866,2024-12-02,EMENDA_PARCIAL,Marcos Rogério,PL,RO
157233,158,9853871,2024-12-02,EMENDA_PARCIAL,Marcos Rogério,PL,RO
157233,159,9853989,2024-12-02,EMENDA_PARCIAL,Carlos Portinho,PL,RJ
157233,160,9853964,2024-12-02,EMENDA_PARCIAL,Mecias de Jesus,REPUBLICANOS,RR
157233,161,9853968,2024-12-02,EMENDA_PARCIAL,Mecias de Jesus,REPUBLICANOS,RR
157233,162,9853993,2024-12-02,EMENDA_PARCIAL,Mecias de Jesus,REPUBLICANOS,RR
157233,163,9853972,2024-12-02,EMENDA_PARCIAL,Mecias de Jesus,REPUBLICANOS,RR
157233,164,9853976,2024-12-02,EMENDA_PARCIAL,Mecias de Jesus,REPUBLICANOS,RR
157233,165,9853980,2024-12-02,EMENDA_PARCIAL,Mecias de Jesus,REPUBLICANOS,RR
157233,166,9854004,2024-12-02,EMENDA_PARCIAL,Mecias de Jesus,REPUBLICANOS,RR
157233,167,9854008,2024-12-02,EMENDA_PARCIAL,Mecias de Jesus,REPUBLICANOS,RR
157233,168,9854012,2024-12-02,EMENDA_PARCIAL,Mecias de Jesus,REPUBLICANOS,RR
157233,169,9854016,2024-12-02,EMENDA_PARCIAL,Mecias de Jesus,REPUBLICANOS,RR
157233,170,9854020,2024-12-02,EMENDA_PARCIAL,Mecias de Jesus,REPUBLICANOS,RR
157233,171,9854024,2024-12-02,EMENDA_PARCIAL,Mecias de Jesus,REPUBLICANOS,RR
157233,172,9853997,2024-12-02,EMENDA_PARCIAL,Mecias de Jesus,REPUBLICANOS,RR
157233,173,9854001,2024-12-02,EMENDA_PARCIAL,Mecias de Jesus,REPUBLICANOS,RR
157233,174,9854045,2024-12-02,EMENDA_PARCIAL,Mecias de Jesus,REPUBLICANOS,RR
157233,175,9854028,2024-12-02,EMENDA_PARCIAL,Mecias de Jesus,REPUBLICANOS,RR
157233,176,9854049,2024-12-02,EMENDA_PARCIAL,Mecias de Jesus,REPUBLICANOS,RR
157233,177,9854053,2024-12-02,EMENDA_PARCIAL,Mecias de Jesus,REPUBLICANOS,RR
157233,178,9854057,2024-12-02,EMENDA_PARCIAL,Mecias de Jesus,REPUBLICANOS,RR
157233,179,9854061,2024-12-02,EMENDA_PARCIAL,Humberto Costa,PT,PE
157233,180,9854065,2024-12-02,EMENDA_PARCIAL,Humberto Costa,PT,PE
157233,181,9854069,2024-12-02,EMENDA_PARCIAL,Izalci Lucas,PL,DF
157233,182,9854032,2024-12-02,EMENDA_PARCIAL,Izalci Lucas,PL,DF
157233,183,9854073,2024-12-02,EMENDA_PARCIAL,Izalci Lucas,PL,DF
157233,184,9854036,2024-12-02,EMENDA_PARCIAL,Izalci Lucas,PL,DF
157233,185,9854040,2024-12-02,EMENDA_PARCIAL,Izalci Lucas,PL,DF
157233,186,9854077,2024-12-02,EMENDA_PARCIAL,Izalci Lucas,PL,DF
157233,187,9854084,2024-12-02,EMENDA_PARCIAL,Izalci Lucas,PL,DF
157233,188,9854088,2024-12-02,EMENDA_PARCIAL,Rogério Carvalho,PT,SE
157233,189,9854092,2024-12-02,EMENDA_PARCIAL,Rogério Carvalho,PT,SE
157233,190,9854081,2024-12-02,EMENDA_PARCIAL,Efraim Filho,UNIÃO,PB
157233,191,9854105,2024-12-02,EMENDA_PARCIAL,Efraim Filho,UNIÃO,PB
157233,192,9854109,2024-12-02,EMENDA_PARCIAL,Efraim Filho,UNIÃO,PB
157233,193,9854096,2024-12-02,EMENDA_PARCIAL,Efraim Filho,UNIÃO,PB
157233,194,9854100,2024-12-02,EMENDA_PARCIAL,Efraim Filho,UNIÃO,PB
157233,195,9854124,2024-12-02,EMENDA_PARCIAL,Efraim Filho,UNIÃO,PB
157233,196,9854113,2024-12-02,EMENDA_PARCIAL,Efraim Filho,UNIÃO,PB
157233,197,9854128,2024-12-02,EMENDA_PARCIAL,Efraim Filho,UNIÃO,PB
157233,198,9854274,2024-12-02,EMENDA_PARCIAL,Laércio Oliveira,PP,SE
157233,199,9858756,2024-12-05,EMENDA_TOTAL,Eduardo Gomes,PL,TO
157233,200,9859027,2024-12-05,EMENDA_PARCIAL,Esperidião Amin,PP,SC
157233,201,9859031,2024-12-05,EMENDA_PARCIAL,Esperidião Amin,PP,SC
157233,202,9859035,2024-12-05,EMENDA_PARCIAL,Esperidião Amin,PP,SC
157233,203,9859040,2024-12-05,EMENDA_PARCIAL,Esperidião Amin,PP,SC
157233,204,9859044,2024-12-05,EMENDA_PARCIAL,Esperidião Amin,PP,SC
157233,205,9859048,2024-12-05,EMENDA_PARCIAL,Esperidião Amin,PP,SC
157233,206,9859052,2024-12-05,EMENDA_PARCIAL,Esperidião Amin,PP,SC
157233,207,9859056,2024-12-05,EMENDA_PARCIAL,Esperidião Amin,PP,SC
157233,208,9859061,2024-12-05,EMENDA_PARCIAL,Esperidião Amin,PP,SC
157233,209,9859065,2024-12-05,EMENDA_PARCIAL,Esperidião Amin,PP,SC
157233,210,9859069,2024-12-05,EMENDA_PARCIAL,Esperidião Amin,PP,SC
157233,211,9859073,2024-12-05,EMENDA_PARCIAL,Esperidião Amin,PP,SC
157233,212,9859077,2024-12-05,EMENDA_PARCIAL,Esperidião Amin,PP,SC
157233,213,9859081,2024-12-05,EMENDA_PARCIAL,Esperidião Amin,PP,SC
157233,214,9859085,2024-12-05,EMENDA_PARCIAL,Esperidião Amin,PP,SC
157233,215,9859089,2024-12-05,EMENDA_PARCIAL,Esperidião Amin,PP,SC
157233,216,9859093,2024-12-05,EMENDA_PARCIAL,Humberto Costa,PT,PE
157233,217,9859097,2024-12-05,EMENDA_PARCIAL,Humberto Costa,PT,PE
157233,218,9859101,2024-12-05,EMENDA_PARCIAL,Humberto Costa,PT,PE
157233,219,9859105,2024-12-05,EMENDA_PARCIAL,Mecias de Jesus,REPUBLICANOS,RR
157233,220,9859109,2024-12-05,EMENDA_PARCIAL,Mecias de Jesus,REPUBLICANOS,RR
157233,221,9859113,2024-12-05,EMENDA_PARCIAL,Mecias de Jesus,REPUBLICANOS,RR
157233,222,9859117,2024-12-05,EMENDA_PARCIAL,Mecias de Jesus,REPUBLICANOS,RR
157233,223,9859121,2024-12-05,EMENDA_PARCIAL,Mecias de Jesus,REPUBLICANOS,RR
157233,224,9859667,2024-12-05,EMENDA_PARCIAL,Esperidião Amin,PP,SC
157233,225,9859703,2024-12-05,EMENDA_PARCIAL,Esperidião Amin,PP,SC
157233,226,9859923,2024-12-05,EMENDA_PARCIAL,Esperidião Amin,PP,SC
157233,227,9859927,2024-12-05,EMENDA_PARCIAL,Esperidião Amin,PP,SC
157233,228,9861334,2024-12-06,EMENDA_PARCIAL,Alessandro Vieira,MDB,SE
157233,229,9862242,2024-12-09,EMENDA_PARCIAL,Carlos Portinho,PL,RJ
157233,230,9862342,2024-12-09,EMENDA_PARCIAL,Esperidião Amin,PP,SC
157233,231,9862366,2024-12-09,EMENDA_PARCIAL,Esperidião Amin,PP,SC
157233,232,9862370,2024-12-09,EMENDA_PARCIAL,Esperidião Amin,PP,SC
157233,233,9862374,2024-12-09,EMENDA_PARCIAL,Esperidião Amin,PP,SC
157233,234,9862378,2024-12-09,EMENDA_PARCIAL,Esperidião Amin,PP,SC
157233,235,9862382,2024-12-09,EMENDA_PARCIAL,Esperidião Amin,PP,SC
157233,236,9862386,2024-12-09,EMENDA_PARCIAL,Esperidião Amin,PP,SC
157233,237,9862390,2024-12-09,EMENDA_PARCIAL,Esperidião Amin,PP,SC
157233,238,9862394,2024-12-09,EMENDA_PARCIAL,Esperidião Amin,PP,SC
157233,239,9863123,2024-12-10,EMENDA_PARCIAL,Esperidião Amin,PP,SC
157233,240,9863129,2024-12-10,EMENDA_PARCIAL,Damares Alves,REPUBLICANOS,DF
157233,241,9863318,2024-12-10,EMENDA_PARCIAL,Mecias de Jesus,REPUBLICANOS,RR
157233,242,9863322,2024-12-10,EMENDA_PARCIAL,Mecias de Jesus,REPUBLICANOS,RR
157233,243,9863966,2024-12-10,EMENDA_PARCIAL,Rogério Carvalho,PT,SE
157233,244,9864454,2024-12-10,EMENDA_PARCIAL,Eduardo Girão,NOVO,CE
